Neighborhood,Zip Code
Albany Park,60625
Archer Heights,60632
Armour Square,60616
Ashburn,60620
Auburn Gresham,60619
Austin,60644
Avalon Park,60619
Avondale,60618
Belmont Cragin,60639
Beverly,60643
Bridgeport,60608
Brighton Park,60632
Burnside,60619
Calumet Heights,60617
Chatham,60620
Chicago Lawn,60629
Clearing,60638
Douglas,60653
Dunning,60634
East Garfield Park,60624
East Side,60617
Edgewater,60640
Edison Park,60630
Englewood,60621
Forest Glen,60646
Fuller Park,60609
Gage Park,60609
Garfield Ridge,60638
Grand Boulevard,60637
Greater Grand Crossing,60629
Hegewisch,60633
Hermosa,60639
Humboldt Park,60647
Hyde Park,60615
Irving Park,60618
Jefferson Park,60630
Kenwood,60615
Lakeview,60657
Lincoln Park,60614
Lincoln Square,60625
Little Village,60623
Logan Square,60647
Loop,60601
Lower West Side,60608
McKinley Park,60632
Montclare,60634
Morgan Park,60643
Mount Greenwood,60655
Near North Side,60654
Near South Side,60605
Near West Side,60612
New City,60609
North Center,60618
North Lawndale,60623
North Park,60625
Norwood Park,60631
Oakland,60653
O'Hare,60656
Portage Park,60641
Pullman,60628
Riverdale,60827
Rogers Park,60626
Roseland,60628
South Chicago,60617
South Deering,60633
South Lawndale,60608
South Shore,60649
The Loop,60602
Uptown,60640
Washington Heights,60620
Washington Park,60615
West Elsdon,60632
West Englewood,60621
West Garfield Park,60624
West Lawn,60629
West Pullman,60628
West Ridge,60659
West Town,60622
Woodlawn,60637
